je_package	je_class	je_test_method	je_test_path	je_test_doc	noxu_status	noxu_test_path	noxu_test_method	effort_estimate	priority	notes
com/sleepycat/je/rep/stream	FeederFilterTest	testBlockFilter	test/com/sleepycat/je/rep/stream/FeederFilterTest.java	Test to verify the filter is actually passed to feeder and is running at feeder.	N/A			medium	medium	N/A: pluggable feeder filters (setFeederFilter + filter serialized to and run at the feeder, dropping records) are not implemented in Noxu; the whole block-filter -> ReplicaConsistencyException path has no analogue. Documented deviation.
com/sleepycat/je/rep/stream	FeederFilterTest	testNoOpFilter	test/com/sleepycat/je/rep/stream/FeederFilterTest.java	Test that uses a filter pass everything, so the rep group is expected to be created normally.	COVERED-CITED	crates/noxu-rep/tests/je_rep_stream_tck.rs	feeder_filter_no_op_baseline	medium	medium	no-op/pass-all filter == Noxu's always-pass-all baseline; a 3-node group forms and every VLSN reaches every replica. Faithful equivalent of testNoOpFilter.
com/sleepycat/je/rep/stream	FeederFilterTest	testFilterWithStatistics	test/com/sleepycat/je/rep/stream/FeederFilterTest.java	Test that uses a filter pass everything, and also tracks the statistics which are used for verification.	N/A	crates/noxu-rep/tests/je_rep_stream_tck.rs	feeder_no_silent_drops_under_replication	medium	medium	N/A: filter-statistics tracking depends on the unimplemented feeder filter. The portable half (no entry silently dropped under replication) is covered by feeder_no_silent_drops_under_replication.
com/sleepycat/je/rep/stream	FeederReaderTest	testForwardScans	test/com/sleepycat/je/rep/stream/FeederReaderTest.java	Check that we can retrieve the correct results when doing forward scans.	PORTED-CITED	crates/noxu-rep/src/stream/feeder.rs; crates/noxu-rep/tests/je_rep_stream_tck.rs	test_feeder_forward_scan_returns_replicated_entries_in_order; forward_scan_replicas_see_every_entry	medium	medium	forward VLSN scan over a real log returns replicated entries in order, skips non-replicated; plus stream-level fan-out.
com/sleepycat/je/rep/stream	FeederReaderTest	testWait	test/com/sleepycat/je/rep/stream/FeederReaderTest.java	Check that we can wait for an upcoming VLSN when doing forward scans.	PORTED-CITED	crates/noxu-rep/src/stream/feeder.rs	test_feeder_forward_scan_waits_for_log_growth	large	medium	scanner returns None at end-of-log (JE: times out and waits) then picks up an entry written afterward; no error, no jump to a nonexistent file.
com/sleepycat/je/rep/stream	FeederReaderTest	testBackwardScans	test/com/sleepycat/je/rep/stream/FeederReaderTest.java	Check that we can retrieve the correct results when doing backwards scans.	PORTED-CITED	crates/noxu-rep/src/stream/syncup.rs; crates/noxu-rep/src/stream/syncup_reader.rs; crates/noxu-rep/tests/je_rep_stream_tck.rs	test_diverged_tail_walks_back; test_view_drives_find_matchpoint; vlsn_range_first_and_last_are_consistent	medium	medium	backward sync-point walk (prev_sync_candidate stops only at is_sync entries) proven against real log sync flags.
com/sleepycat/je/rep/stream	FeederReaderTest	testFindSyncableentries	test/com/sleepycat/je/rep/stream/FeederReaderTest.java	Check that we can find the sync-able matchpoints when doing backward scans.	PORTED-CITED	crates/noxu-rep/src/stream/syncup.rs; crates/noxu-rep/tests/je_rep_stream_tck.rs	test_diverged_tail_walks_back; replica_catch_up_starts_at_correct_vlsn	medium	medium	findPrevSyncEntry == prev_sync_candidate; matchpoint search stops at syncable entries only; catch-up resumes at matchpoint+1.
com/sleepycat/je/rep/stream	FeederReaderTest	testNonFlushedFetch	test/com/sleepycat/je/rep/stream/FeederReaderTest.java	Test that a feeder reader can read log entries that have not yet been flushed to disk.	N/A			medium	medium	N/A: JE FeederReader reads entries still in the log buffer before they are flushed to disk. Noxu's feeder read path (EnvironmentLogScanner) scans on-disk data only (blocking-I/O core, no feeder log-buffer fetch). Documented deviation.
com/sleepycat/je/rep/stream	FeederReaderTest	testSwitchFetch	test/com/sleepycat/je/rep/stream/FeederReaderTest.java	Test that a feeder reader can switch between reading from the log buffer pool, to the file, to the logBuffer pool, and back and forth.	N/A			medium	medium	N/A: JE FeederReader$SwitchWindow buffer<->file<->buffer switching mechanics. Noxu has no offset-window reader; nothing to switch. Documented deviation.
com/sleepycat/je/rep/stream	FeederWriteQueueTest	testDataInWriteQueue	test/com/sleepycat/je/rep/stream/FeederWriteQueueTest.java	[#18882] Before this bug fix, this test would result in a java.io.FileNotFoundException out of FeederReader$SwitchWindow.fillNext.	PORTED-CITED	crates/noxu-rep/src/stream/output_thread.rs; crates/noxu-rep/tests/je_rep_stream_tck.rs	test_queued_entries_drain_in_order_without_loss; write_queue_preserves_vlsn_order	medium	medium	write-queue FIFO / no-drop invariant (the load-bearing half of [#18882]); the specific SwitchWindow file-transition bug is N/A (no offset-window reader).
com/sleepycat/je/rep/stream	ProtocolTest	testBasic	test/com/sleepycat/je/rep/stream/ProtocolTest.java		PORTED-CITED	crates/noxu-rep/src/protocol.rs; crates/noxu-rep/src/stream/syncup_protocol.rs; crates/noxu-rep/tests/je_rep_stream_tck.rs	test_all_variants_round_trip_and_match; test_msg_roundtrip; protocol_basic_full_fan_out	small	medium	encode->decode->match round-trip over every ProtocolMessage variant + the syncup message set. Deviation: no multi-version/SNTP/JEVersions/GroupAck/ReAuthenticate messages.
com/sleepycat/je/rep/stream	ProtocolTest	testVersion	test/com/sleepycat/je/rep/stream/ProtocolTest.java		N/A			medium	medium	N/A: Noxu has no multi-version wire protocol / version negotiation (single protocol). Documented deviation.
com/sleepycat/je/rep/stream	ProtocolTest	testWritePreviousVersionOlderConvert	test/com/sleepycat/je/rep/stream/ProtocolTest.java	Test that writing a message containing a log entry where the requested log format version is less than both the current log version and the log entry version results in converting the entry to the req	N/A			medium	medium	N/A: no cross-version log-entry conversion on write; single .ndb LOG_VERSION=3. Documented deviation.
com/sleepycat/je/rep/stream	ProtocolTest	testWritePreviousVersionCompatibleCopy	test/com/sleepycat/je/rep/stream/ProtocolTest.java	Test that writing a message containing a log entry where the requested log format version is less than the current log version but is compatible with the requested version results in the entry being c	N/A			medium	medium	N/A: same as testWritePreviousVersionOlderConvert (no cross-version entry copy/convert path). Documented deviation.
com/sleepycat/je/rep/stream	ProtocolTest	testNodeGroupInfoNoJEVersion	test/com/sleepycat/je/rep/stream/ProtocolTest.java	Test reading a NodeGroupInfo object using the format that does not support the jeVersion field.	N/A			medium	medium	N/A: no JEVersion field / protocol-version-4 NodeGroupInfo format. Documented deviation.
com/sleepycat/je/rep/stream	ProtocolTest	testNodeGroupInfoSecondaryToOldMaster	test/com/sleepycat/je/rep/stream/ProtocolTest.java	Test sending a SECONDARY node to a master running a protocol version that does not support them.	N/A			medium	medium	N/A: no protocol-version negotiation, so no 'secondary to old master' rejection path. Documented deviation.
com/sleepycat/je/rep/stream	ReplicaSyncupReaderTest	testRepAndNonRepCommits	test/com/sleepycat/je/rep/stream/ReplicaSyncupReaderTest.java		PORTED-CITED	crates/noxu-rep/src/stream/syncup_reader.rs; crates/noxu-rep/tests/je_rep_stream_tck.rs	test_rep_and_non_rep_commits; syncup_distinguishes_replicated_vs_master_only	medium	medium	end-to-end scan of a real log: only replicated commits counted, passed-ckpt-end noted, earliest passed txn recorded.
com/sleepycat/je/rep/stream	ReplicaSyncupReaderTest	testMultipleCkpts	test/com/sleepycat/je/rep/stream/ReplicaSyncupReaderTest.java		PORTED-CITED	crates/noxu-rep/src/stream/syncup_reader.rs; crates/noxu-rep/tests/je_rep_stream_tck.rs	test_multiple_ckpts; multiple_checkpoint_chunks_replicate_cleanly	medium	medium	two non-cleaning CKPT_END bracketing two replicated commits: numPassedCommits=2, passedCheckpointEnd=false, earliestTxnId=10.
